SUMLEV,REGION,DIVISION,STATE,NAME,ESTIMATESBASE2010,POPESTIMATE2010,POPESTIMATE2011,POPESTIMATE2012,POPESTIMATE2013,POPESTIMATE2014,POPESTIMATE2015,POPESTIMATE2016,POPESTIMATE2017,POPESTIMATE2018,POPESTIMATE2019,POPESTIMATE2020,NPOPCHG_2010,NPOPCHG_2011,NPOPCHG_2012,NPOPCHG_2013,NPOPCHG_2014,NPOPCHG_2015,NPOPCHG_2016,NPOPCHG_2017,NPOPCHG_2018,NPOPCHG_2019,NPOPCHG_2020,PPOPCHG_2010,PPOPCHG_2011,PPOPCHG_2012,PPOPCHG_2013,PPOPCHG_2014,PPOPCHG_2015,PPOPCHG_2016,PPOPCHG_2017,PPOPCHG_2018,PPOPCHG_2019,PPOPCHG_2020,NRANK_ESTBASE2010,NRANK_POPEST2010,NRANK_POPEST2011,NRANK_POPEST2012,NRANK_POPEST2013,NRANK_POPEST2014,NRANK_POPEST2015,NRANK_POPEST2016,NRANK_POPEST2017,NRANK_POPEST2018,NRANK_POPEST2019,NRANK_POPEST2020,NRANK_NPCHG2010,NRANK_NPCHG2011,NRANK_NPCHG2012,NRANK_NPCHG2013,NRANK_NPCHG2014,NRANK_NPCHG2015,NRANK_NPCHG2016,NRANK_NPCHG2017,NRANK_NPCHG2018,NRANK_NPCHG2019,NRANK_NPCHG2020,NRANK_PPCHG2010,NRANK_PPCHG2011,NRANK_PPCHG2012,NRANK_PPCHG2013,NRANK_PPCHG2014,NRANK_PPCHG2015,NRANK_PPCHG2016,NRANK_PPCHG2017,NRANK_PPCHG2018,NRANK_PPCHG2019,NRANK_PPCHG2020
010,0,0,00,United States,308758105,309327143,311583481,313877662,316059947,318386329,320738994,323071755,325122128,326838199,328329953,329484123,569038,2256338,2294181,2182285,2326382,2352665,2332761,2050373,1716071,1491754,1154170,0.1842989676,0.7294342094,0.7362973777,0.6952661066,0.7360572012,0.7389340514,0.7273081988,0.634649414,0.5278235015,0.4564197222,0.351527477,X,X,X,X,X,X,X,X,X,X,X,X,X,X,X,X,X,X,X,X,X,X,X,X,X,X,X,X,X,X,X,X,X,X
020,1,0,00,Northeast Region,55318414,55380764,55608318,55782661,55912775,56021339,56052790,56063777,56083383,56084543,56002934,55849869,62350,227554,174343,130114,108564,31451,10987,19606,1160,-81609,-153065,0.1127111128,0.4108899617,0.3135196429,0.2332516909,0.1941667177,0.0561411072,0.0196011653,0.0349708868,0.0020683488,-0.14551068,-0.273316037,4,4,4,4,4,4,4,4,4,4,4,4,3,3,4,4,4,4,4,4,4,4,4,3,3,3,4,4,4,4,4,4,4,4
020,2,0,00,Midwest Region,66929737,66975328,67164092,67348275,67576524,67765576,67885682,68018175,68160342,68263019,68340091,68316744,45591,188764,184183,228249,189052,120106,132493,142167,102677,77072,-23347,0.0681177038,0.2818410983,0.2742283779,0.3389084576,0.2797598764,0.1772374812,0.1951707578,0.2090132527,0.1506403826,0.1129044703,-0.034162963,3,3,3,3,3,3,3,3,3,3,3,3,4,4,3,3,3,3,3,3,3,3,3,4,4,4,3,3,3,3,3,3,3,3
020,3,0,00,South Region,114563042,114869421,116019483,117264196,118397213,119666248,121049223,122419547,123611036,124649156,125686544,126662754,306379,1150062,1244713,1133017,1269035,1382975,1370324,1191489,1038120,1037388,976210,0.2674326682,1.0011907347,1.072848256,0.9662088162,1.0718453314,1.1556934584,1.1320386584,0.9732832944,0.839827926,0.832246309,0.7767020788,1,1,1,1,1,1,1,1,1,1,1,1,1,1,1,1,1,1,1,1,1,1,1,1,1,1,1,1,1,1,1,1,1,1
020,4,0,00,West Region,71946912,72101630,72791588,73482530,74173435,74933166,75751299,76570256,77267367,77841481,78300384,78654756,154718,689958,690942,690905,759731,818133,818957,697111,574114,458903,354372,0.2150446707,0.9569242748,0.9492058341,0.9402302833,1.0242629319,1.0918169399,1.0811128137,0.9104200984,0.743022601,0.589535289,0.4525801559,2,2,2,2,2,2,2,2,2,2,2,2,2,2,2,2,2,2,2,2,2,2,2,2,2,2,2,2,2,2,2,2,2,2
040,3,6,01,Alabama,4780118,4785514,4799642,4816632,4831586,4843737,4854803,4866824,4877989,4891628,4907965,4921532,5396,14128,16990,14954,12151,11066,12021,11165,13639,16337,13567,0.1128842426,0.2952242957,0.3539847347,0.3104659023,0.2514909183,0.228459968,0.2476104592,0.2294103917,0.2796029265,0.3339787899,0.2764282141,23,23,23,23,23,23,24,24,24,24,24,24,28,32,25,31,31,29,28,28,24,18,18,36,38,34,33,35,36,34,32,26,26,27
040,4,9,02,Alaska,710246,713982,722349,730810,737626,737075,738430,742575,740983,736624,733603,731158,3736,8367,8461,6816,-551,1355,4145,-1592,-4359,-3021,-2445,0.52601493,1.1718782826,1.1713174657,0.9326637567,-0.074699102,0.1838347522,0.5613260566,-0.214389119,-0.588272605,-0.410114251,-0.333286532,47,47,47,47,47,48,48,48,48,48,48,48,32,40,40,42,47,42,37,43,46,43,39,2,7,10,18,47,37,22,46,50,47,46
040,4,8,04,Arizona,6392292,6407342,6473416,6556344,6634690,6732873,6832810,6944767,7048088,7164228,7291843,7421401,15050,66074,82928,78346,98183,99937,111957,103321,116140,127615,129558,0.2354398078,1.0312232436,1.2810547013,1.1949647547,1.4798430673,1.4843143484,1.6385206087,1.4877532968,1.6478227854,1.7812805511,1.7767524616,16,16,16,15,15,15,14,14,14,14,14,14,11,10,7,5,4,7,7,7,3,3,3,17,10,8,7,7,9,8,6,4,3,2
040,3,7,05,Arkansas,2916029,2921998,2941038,2952876,2960459,2968759,2979732,2991815,3003855,3012161,3020985,3030522,5969,19040,11838,7583,8300,10973,12083,12040,8306,8824,9537,0.204696181,0.6516089333,0.4025109502,0.2568004887,0.2803619304,0.3696157216,0.405506267,0.4024313001,0.2765113496,0.2929458286,0.3156917363,32,32,32,32,32,32,33,32,32,33,33,33,26,25,35,41,37,30,27,26,30,26,22,22,28,31,38,31,30,27,24,28,28,25
040,4,9,06,California,37254522,37319550,37636311,37944551,38253768,38586706,38904296,39149186,39337785,39437463,39437610,39368078,65028,316761,308240,309217,332938,317590,244890,188599,99678,147,-69532,0.1745506223,0.848780331,0.8189963145,0.8149180629,0.8703404067,0.8230554844,0.6294677585,0.4817443714,0.2533899659,0.000372742,-0.176308858,1,1,1,1,1,1,1,1,1,1,1,1,2,2,2,2,2,3,3,3,6,37,49,27,19,21,21,16,17,20,23,30,37,42
040,4,8,08,Colorado,5029319,5047539,5121900,5193660,5270774,5352637,5454328,5543844,5617421,5697155,5758486,5807719,18220,74361,71760,77114,81863,101691,89516,73577,79734,61331,49233,0.3622756878,1.4732129856,1.4010425819,1.4847718179,1.5531494995,1.8998299343,1.6411920955,1.3271838096,1.4194058092,1.0765197717,0.8549643083,22,22,22,22,22,22,22,21,21,21,21,21,10,9,9,6,8,6,8,8,8,8,9,6,4,5,5,4,3,7,9,5,9,12
040,1,1,09,Connecticut,3574151,3579173,3588632,3595211,3595792,3595697,3588561,3579830,3575324,3574561,3566022,3557006,5022,9459,6579,581,-95,-7136,-8731,-4506,-763,-8539,-9016,0.1405088929,0.264278927,0.183328912,0.0161603867,-0.002641977,-0.198459436,-0.243300866,-0.125871899,-0.021340723,-0.238882481,-0.252830745,29,29,29,29,29,29,29,29,29,29,29,29,30,38,44,48,46,49,48,46,43,47,43,30,43,42,50,46,50,49,44,42,46,44
040,3,5,10,Delaware,897947,899647,907590,915518,924062,933131,942065,949989,957942,966985,976668,986809,1700,7943,7928,8544,9069,8934,7924,7953,9043,9683,10141,0.1893207506,0.8829018493,0.8735221851,0.9332421645,0.9814276531,0.9574218411,0.8411309198,0.8371675883,0.9440028728,1.001359897,1.0383262275,45,45,45,45,45,45,45,45,45,45,45,45,43,41,41,39,35,32,34,33,27,24,21,24,16,18,17,13,15,17,17,14,12,9
040,3,5,11,District of Columbia,601767,605282,620290,635737,651559,663603,677014,687576,697079,704147,708253,712816,3515,15008,15447,15822,12044,13411,10562,9503,7068,4106,4563,0.5841131202,2.4795054206,2.4902868013,2.4887650082,1.8484895458,2.020937217,1.5600859066,1.3821017604,1.0139453347,0.5831168776,0.6442613021,50,50,50,49,49,49,49,49,49,49,49,49,34,31,29,30,32,25,32,32,32,34,29,1,1,1,2,2,2,10,7,11,17,15
040,3,5,12,Florida,18804589,18846143,19055607,19302016,19551678,19853880,20219111,20627237,20977089,21254926,21492056,21733312,41554,209464,246409,249662,302202,365231,408126,349852,277837,237130,241256,0.2209779751,1.1114422723,1.2931049638,1.2934503836,1.5456576157,1.8395950817,2.0185160465,1.6960681646,1.3244783392,1.1156472622,1.1225356941,4,4,4,4,4,3,3,3,3,3,3,3,3,3,3,3,3,2,2,2,2,2,2,20,9,7,6,5,5,2,5,7,8,7
040,3,5,13,Georgia,9688737,9712209,9803630,9903580,9975592,10071204,10183353,10308442,10417031,10519389,10628020,10710017,23472,91421,99950,72012,95612,112149,125089,108589,102358,108631,81997,0.2422606786,0.9412997599,1.0195203205,0.7271309971,0.9584594077,1.1135610003,1.2283675131,1.053398758,0.9826024325,1.032674046,0.7715171782,9,9,9,8,8,8,8,8,8,8,8,8,5,5,4,7,5,4,5,6,5,5,5,16,12,15,23,14,13,13,15,12,11,14
040,4,9,15,Hawaii,1360304,1364004,1379562,1395199,1408822,1415335,1422999,1428885,1425763,1423102,1415615,1407006,3700,15558,15637,13623,6513,7664,5886,-3122,-2661,-7487,-8609,0.271998024,1.1406124909,1.1334756974,0.9764198512,0.4623011282,0.5414972427,0.41363346,-0.218492041,-0.18663691,-0.526104243,-0.608145576,40,40,40,40,40,40,40,40,40,40,40,40,33,28,28,32,41,35,36,45,45,46,41,11,8,12,15,28,25,26,48,45,50,49
040,4,8,16,Idaho,1567658,1570819,1584272,1595910,1612053,1632248,1652495,1684036,1719745,1752074,1789060,1826913,3161,13453,11638,16143,20195,20247,31541,35709,32329,36986,37853,0.2016383676,0.8564322178,0.7345960795,1.0115232062,1.2527503748,1.2404365023,1.9086895876,2.1204416058,1.8798717252,2.1109838968,2.1158038299,39,39,39,39,39,39,39,39,39,39,39,38,37,33,36,29,22,20,16,17,17,13,12,23,18,24,11,11,12,3,1,2,1,1
040,2,3,17,Illinois,12831572,12840545,12867783,12883029,12895778,12885092,12859585,12821709,12779893,12724685,12667017,12587530,8973,27238,15246,12749,-10686,-25507,-37876,-41816,-55208,-57668,-79487,0.0699290781,0.2121249526,0.1184819483,0.0989596468,-0.08286433,-0.197957453,-0.294535166,-0.326134371,-0.431991097,-0.453197859,-0.627511592,5,5,5,5,5,5,5,5,6,6,6,6,18,22,30,33,51,51,51,50,51,50,50,42,45,46,45,48,49,50,49,49,49,50
040,2,3,18,Indiana,6484050,6490555,6517250,6538989,6570575,6596019,6611442,6637898,6662068,6698481,6731010,6754953,6505,26695,21739,31586,25444,15423,26456,24170,36413,32529,23943,0.1003231005,0.4112899436,0.3335609344,0.4830410328,0.3872416037,0.2338228559,0.400154762,0.3641212926,0.5465720254,0.4856175602,0.3557118471,15,15,15,16,16,16,16,17,17,17,17,17,25,23,22,19,20,24,18,19,15,15,15,38,34,36,31,30,35,28,25,19,20,22
040,2,4,19,Iowa,3046877,3050819,3066772,3076844,3093935,3110643,3122541,3133210,3143734,3149900,3159596,3163561,3942,15953,10072,17091,16708,11898,10669,10524,6166,9696,3965,0.1293783766,0.5229087665,0.328423502,0.5554717756,0.5400242733,0.3824932659,0.3416768587,0.3358855615,0.1961361871,0.3078192959,0.1254907273,30,30,30,30,30,30,30,30,30,31,31,31,31,27,38,26,25,28,30,29,33,23,31,34,31,37,29,26,29,29,28,34,27,32
040,2,4,20,Kansas,2853120,2858266,2869677,2886024,2894306,2901861,2910717,2912977,2910892,2912748,2912635,2913805,5146,11411,16347,8282,7555,8856,2260,-2085,1856,-113,1170,0.1803639524,0.3992280634,0.5696459915,0.2869692005,0.2610297598,0.3051834667,0.0776440994,-0.07157626,0.0637605243,-0.003879498,0.0401698119,33,33,33,33,34,34,34,35,35,35,35,35,29,34,27,40,38,33,41,44,40,38,34,25,35,29,35,34,31,41,42,39,38,34
040,3,6,21,Kentucky,4339330,4348464,4370817,4387865,4406906,4416992,4429126,4440306,4455590,4464273,4472345,4477251,9134,22353,17048,19041,10086,12134,11180,15284,8683,8072,4906,0.210493325,0.5140435795,0.3900414957,0.4339468056,0.2288680539,0.2747118401,0.2524200034,0.3442105116,0.1948787927,0.180813315,0.1096963673,26,26,26,26,26,26,26,26,26,26,26,26,17,24,24,24,33,26,29,24,28,28,28,21,33,32,32,37,32,33,27,35,34,33
040,3,7,22,Louisiana,4533500,4544635,4576244,4602067,4626040,4645938,4666998,4681346,4673673,4664450,4658285,4645318,11135,31609,25823,23973,19898,21060,14348,-7673,-9223,-6165,-12967,0.24561597,0.6955234029,0.5642837226,0.5209181005,0.4301303058,0.4532992046,0.3074353149,-0.163905851,-0.197339437,-0.132169924,-0.278364248,25,25,25,25,25,25,25,25,25,25,25,25,14,19,20,22,23,19,25,48,48,45,46,14,25,30,30,29,28,31,45,46,44,45
040,1,1,23,Maine,1328354,1327651,1328473,1328094,1328543,1331217,1329098,1332348,1335743,1340123,1345770,1350141,-703,822,-379,449,2674,-2119,3250,3395,4380,5647,4371,-0.05292264,0.0619138614,-0.028528995,0.0338078479,0.201273124,-0.159177655,0.2445267392,0.254813307,0.3279073894,0.4213792316,0.3247954703,41,41,41,41,41,42,42,42,42,42,42,42,50,50,50,49,42,47,39,37,36,33,30,50,48,50,49,38,48,35,31,24,24,23
040,3,5,24,Maryland,5773787,5788784,5840241,5888375,5925197,5960064,5988528,6007014,6028186,6042153,6054954,6055802,14997,51457,48134,36822,34867,28464,18486,21172,13967,12801,848,0.2597428689,0.8889086205,0.8241783173,0.6253338145,0.5884530084,0.4775787643,0.3086902157,0.3524546472,0.2316949079,0.2118615666,0.014005061,19,19,19,19,19,19,19,19,19,19,19,19,12,11,13,16,17,18,20,21,23,22,35,13,15,20,27,25,27,30,26,33,32,35
040,1,1,25,Massachusetts,6547788,6566440,6614218,6664269,6715158,6764864,6797484,6827280,6863560,6885720,6894883,6893574,18652,47778,50051,50889,49706,32620,29796,36280,22160,9163,-1309,0.2848595587,0.7276088718,0.7567183301,0.7636096322,0.7402059639,0.4821974248,0.4383386559,0.5313975697,0.3228645193,0.1330725037,-0.018985094,14,14,14,14,14,14,15,15,15,15,15,15,8,12,12,11,11,15,17,16,18,25,38,9,23,23,22,20,26,25,21,25,36,36
040,2,3,26,Michigan,9884112,9877597,9883053,9898289,9914802,9932033,9934483,9954117,9976752,9987286,9984795,9966555,-6515,5456,15236,16513,17231,2450,19634,22635,10534,-2491,-18240,-0.065913863,0.0552361065,0.1541628887,0.1668268122,0.1737906617,0.0246676587,0.1976348442,0.2273933489,0.1055854651,-0.024941711,-0.182677762,8,8,8,9,9,10,10,10,10,10,10,10,51,45,31,28,24,41,19,20,25,42,48,51,49,45,43,39,42,37,33,38,40,43
040,2,4,27,Minnesota,5303933,5310934,5346620,5377500,5414722,5452665,5484002,5525360,5569283,5608762,5640053,5657342,7001,35686,30880,37222,37943,31337,41358,43923,39479,31291,17289,0.1319963883,0.6719345411,0.5775611508,0.6921803812,0.7007377295,0.5747097979,0.7541572742,0.7949346287,0.7088704237,0.5578949508,0.3065396726,21,21,21,21,21,21,21,22,22,22,22,22,23,16,17,15,16,16,15,15,14,16,17,33,27,28,24,23,23,19,18,17,18,26
040,3,6,28,Mississippi,2968129,2970615,2979147,2984599,2989839,2991892,2990231,2990595,2990674,2982879,2978227,2966786,2486,8532,5452,5240,2053,-1661,364,79,-7795,-4652,-11441,0.0837564675,0.2872132538,0.1830054039,0.1755679741,0.0686659048,-0.05551671,0.0121729726,0.0026416148,-0.260643587,-0.155956712,-0.384154734,31,31,31,31,31,31,31,33,33,34,34,34,39,39,45,44,43,46,44,41,47,44,45,41,39,43,42,45,47,44,41,48,45,47
040,2,4,29,Missouri,5988941,5996089,6011182,6026027,6042989,6059130,6075411,6091384,6111382,6125986,6140475,6151548,7148,15093,14845,16962,16141,16281,15973,19998,14604,14489,11073,0.1193533214,0.2517140756,0.2469564222,0.281478991,0.2671029188,0.2687019424,0.262912254,0.3282997756,0.2389639528,0.2365170276,0.1803280691,18,18,18,18,18,18,18,18,18,18,18,18,22,30,33,27,26,22,23,22,21,21,19,35,44,40,36,32,33,32,29,32,31,30
040,4,8,30,Montana,989400,990730,997518,1004168,1014158,1022657,1031495,1042137,1053862,1061818,1070123,1080577,1330,6788,6650,9990,8499,8838,10642,11725,7956,8305,10454,0.134424904,0.685151353,0.6666546368,0.9948534508,0.8380350991,0.8642193815,1.0317064067,1.1250919985,0.7549375535,0.7821491065,0.9768970483,44,44,44,44,44,44,44,44,44,43,43,43,44,43,43,37,36,34,31,27,31,27,20,31,26,27,13,17,16,15,13,16,14,10
040,2,4,31,Nebraska,1826311,1829591,1840914,1853691,1865813,1879955,1892059,1906483,1916998,1925512,1932571,1937552,3280,11323,12777,12122,14142,12104,14424,10515,8514,7059,4981,0.1795970128,0.6188814877,0.6940574084,0.6539385475,0.7579537714,0.6438451984,0.7623440918,0.551539143,0.4441319188,0.3666037916,0.2577395604,38,38,38,38,37,37,37,37,37,37,37,37,35,35,34,35,29,27,24,30,29,30,27,26,29,26,25,19,20,18,20,21,25,28
040,4,8,32,Nevada,2700683,2702483,2713114,2744670,2776956,2818935,2868531,2919555,2972097,3030725,3090771,3138259,1800,10631,31556,32286,41979,49596,51024,52542,58628,60046,47488,0.0666498067,0.3933789778,1.1630915619,1.1763162785,1.5116912187,1.7593878539,1.7787501686,1.7996578246,1.972613949,1.981242112,1.5364451135,35,35,35,35,35,35,35,34,34,32,32,32,42,37,16,18,13,13,13,14,11,9,10,45,36,11,8,6,6,6,3,1,2,3
040,1,1,33,New Hampshire,1316457,1316807,1320444,1324677,1327272,1334257,1337480,1343694,1350395,1355064,1360783,1366275,350,3637,4233,2595,6985,3223,6214,6701,4669,5719,5492,0.0265865121,0.2761984102,0.3205739887,0.1958968111,0.5262674117,0.2415576609,0.4646050782,0.4986998528,0.3457506878,0.4220464864,0.4035911677,42,42,42,42,42,41,41,41,41,41,41,41,48,46,47,46,39,39,35,34,35,32,26,47,41,38,41,27,34,23,22,23,23,19
040,1,2,34,New Jersey,8791959,8799451,8828552,8845671,8857821,8867277,8870312,8873584,8888147,8891730,8891258,8882371,7492,29101,17119,12150,9456,3035,3272,14563,3583,-472,-8887,0.0852142281,0.3307138139,0.1939049575,0.1373553233,0.1067531168,0.0342269673,0.0368870903,0.1641163255,0.0403121145,-0.005308303,-0.09995211,11,11,11,11,11,11,11,11,11,11,11,11,21,20,23,34,34,40,38,25,37,39,42,40,37,41,44,41,41,43,35,41,39,39
040,4,8,35,New Mexico,2059199,2064614,2080707,2087715,2092833,2090236,2090071,2092555,2092844,2093754,2099634,2106319,5415,16093,7008,5118,-2597,-165,2484,289,910,5880,6685,0.2629663282,0.7794677359,0.3368085944,0.2451484039,-0.124090169,-0.007893845,0.1188476372,0.0138108676,0.0434815017,0.2808352844,0.318388824,36,36,36,36,36,36,36,36,36,36,36,36,27,26,42,45,49,45,40,40,41,31,24,12,21,35,40,49,45,39,40,40,29,24
040,1,2,36,New York,19378117,19399956,19499921,19574362,19626488,19653431,19657321,19636391,19593849,19544098,19463131,19336776,21839,99965,74441,52126,26943,3890,-20930,-42542,-49751,-80967,-126355,0.1126992886,0.5152846738,0.3817502645,0.2662973128,0.1372787633,0.0197929817,-0.106474326,-0.216648772,-0.253911317,-0.41427852,-0.649201817,3,3,3,3,3,4,4,4,4,4,4,4,7,4,8,10,18,37,50,51,50,51,51,37,32,33,37,40,43,46,47,47,48,51
040,3,5,37,North Carolina,9535762,9574586,9658913,9751810,9846717,9937295,10037218,10161802,10275758,10391358,10501384,10600823,38824,84327,92897,94907,90578,99923,124584,113956,115600,110026,99439,0.4071410339,0.8807378199,0.9617748912,0.9732244578,0.9198801997,1.0055352085,1.2412204258,1.1214152765,1.1249778362,1.0588221482,0.946913283,10,10,10,10,10,9,9,9,9,9,9,9,4,7,5,4,7,8,6,5,4,4,4,4,17,17,16,15,14,12,14,10,10,11
040,2,4,38,North Dakota,672575,674752,685526,702227,723149,738736,755537,756114,756755,760062,763724,765309,2177,10774,16701,20922,15587,16801,577,641,3307,3662,1585,0.3236813738,1.5967348003,2.4362314486,2.9793784631,2.1554340807,2.2742901388,0.0763695226,0.0847755762,0.436997443,0.4818028003,0.2075357066,48,48,48,48,48,47,47,47,47,47,47,47,40,36,26,23,27,21,43,39,38,35,33,7,3,2,1,1,1,42,38,22,21,29
040,2,3,39,Ohio,11536763,11539449,11545735,11550971,11579692,11606573,11622315,11640060,11665706,11680892,11696507,11693217,2686,6286,5236,28721,26881,15742,17745,25646,15186,15615,-3290,0.0232820939,0.0544740048,0.0453500795,0.2486457632,0.2321391623,0.1356300434,0.1526804255,0.2203253248,0.1301764334,0.1336798594,-0.028128056,7,7,7,7,7,7,7,7,7,7,7,7,38,44,46,20,19,23,21,18,20,19,40,49,50,48,39,36,39,38,34,36,35,37
040,3,7,40,Oklahoma,3751582,3760014,3788824,3819320,3853891,3879187,3910518,3928143,3933602,3943488,3960676,3980783,8432,28810,30496,34571,25296,31331,17625,5459,9886,17188,20107,0.2247585152,0.7662205513,0.8048935501,0.9051611282,0.6563755955,0.8076692358,0.4507075533,0.1389715191,0.2513218165,0.435857799,0.5076658631,28,28,28,28,28,28,28,28,28,28,28,28,20,21,18,17,21,17,22,36,26,17,16,19,22,22,19,24,18,24,36,31,22,18
040,4,9,41,Oregon,3831083,3837614,3872672,3900102,3924110,3965447,4018542,4093271,4147294,4183538,4216116,4241507,6531,35058,27430,24008,41337,53095,74729,54023,36244,32578,25391,0.1704739887,0.9135363796,0.708296494,0.615573644,1.0534108371,1.338941108,1.8596048019,1.3198002282,0.873919235,0.7787188738,0.6022367506,27,27,27,27,27,27,27,27,27,27,27,27,24,18,19,21,14,10,9,12,16,14,14,28,14,25,28,12,11,4,10,15,15,17
040,1,2,42,Pennsylvania,12702891,12711406,12747052,12769123,12779538,12792392,12789838,12788468,12794679,12809107,12798883,12783254,8515,35646,22071,10415,12854,-2554,-1370,6211,14428,-10224,-15629,0.0670319851,0.2804253125,0.1731459164,0.0815639414,0.1005826658,-0.019964992,-0.010711629,0.0485671935,0.112765627,-0.079818211,-0.122112219,6,6,6,6,6,6,6,6,5,5,5,5,19,17,21,36,30,48,46,35,22,48,47,44,40,44,46,42,46,45,39,37,41,41
040,1,1,44,Rhode Island,1052970,1053994,1053829,1054893,1055560,1056511,1056886,1057816,1056554,1059338,1058158,1057125,1024,-165,1064,667,951,375,930,-1262,2784,-1180,-1033,0.0972487345,-0.015654738,0.1009651471,0.0632291616,0.0900943575,0.0354941879,0.0879943532,-0.119302412,0.2634981269,-0.111390321,-0.097622472,43,43,43,43,43,43,43,43,43,44,44,44,46,51,48,47,44,43,42,42,39,41,37,39,51,47,47,44,40,40,43,29,42,38
040,3,5,45,South Carolina,4625358,4635846,4672655,4719027,4766469,4826858,4896006,4963031,5027102,5091702,5157702,5218040,10488,36809,46372,47442,60389,69148,67025,64071,64600,66000,60338,0.2267500159,0.7940082565,0.9924122367,1.0053343624,1.2669546367,1.4325675211,1.3689729955,1.290965138,1.2850345985,1.2962266841,1.169862082,24,24,24,24,24,24,23,23,23,23,23,23,15,15,14,12,9,9,10,9,9,7,7,18,20,16,12,10,10,11,11,8,5,6
040,2,4,46,South Dakota,814198,816193,823740,833859,842751,849670,854663,863693,873732,879386,887127,892717,1995,7547,10119,8892,6919,4993,9030,10039,5654,7741,5590,0.2450263941,0.9246587511,1.2284215893,1.0663673355,0.8210016956,0.5876399073,1.0565567949,1.1623343017,0.6471091822,0.8802732816,0.6301239845,46,46,46,46,46,46,46,46,46,46,46,46,41,42,37,38,40,36,33,31,34,29,25,15,13,9,9,18,22,14,12,18,13,16
040,3,6,47,Tennessee,6346281,6355518,6400298,6455752,6496943,6544617,6595354,6651277,6714748,6778180,6830325,6886834,9237,44780,55454,41191,47674,50737,55923,63471,63432,52145,56509,0.145549811,0.704584583,0.8664284069,0.6380511519,0.7337912615,0.7752478105,0.8479150626,0.9542678797,0.9446668736,0.7693068051,0.8273252005,17,17,17,17,17,17,17,16,16,16,16,16,16,13,11,14,12,12,12,10,10,10,8,29,24,19,26,21,19,16,16,13,16,13
040,3,7,48,Texas,25146072,25241897,25645504,26084120,26479646,26963092,27468531,27914064,28291024,28624564,28986794,29360759,95825,403607,438616,395526,483446,505439,445533,376960,333540,362230,373965,0.3810734337,1.598956687,1.7103036852,1.5163478776,1.8257268243,1.8745587487,1.6219760715,1.350430378,1.178960507,1.2654515891,1.2901219776,2,2,2,2,2,2,2,2,2,2,2,2,1,1,1,1,1,1,1,1,1,1,1,5,2,3,4,3,4,9,8,9,6,5
040,4,8,49,Utah,2763891,2775413,2814797,2854146,2898773,2938327,2983626,3044241,3103540,3155153,3203383,3249879,11522,39384,39349,44627,39554,45299,60615,59299,51613,48230,46496,0.4168760635,1.4190320504,1.3979338474,1.5635850444,1.3645083627,1.5416595906,2.0315884095,1.9479075408,1.6630364036,1.5286104984,1.4514655288,34,34,34,34,33,33,32,31,31,30,30,30,13,14,15,13,15,14,11,11,12,11,11,3,5,6,3,8,8,1,2,3,4,4
040,1,1,50,Vermont,625727,625886,627197,626361,626603,625693,625810,624366,625132,624802,624046,623347,159,1311,-836,242,-910,117,-1444,766,-330,-756,-699,0.0254104426,0.2094630652,-0.133291454,0.0386358665,-0.14522752,0.0186992663,-0.23074096,0.1226844511,-0.052788851,-0.120998332,-0.112010974,49,49,49,50,50,50,50,50,50,50,50,50,49,49,51,50,48,44,47,38,42,40,36,48,46,51,48,50,44,48,37,43,43,40
040,3,5,51,Virginia,8001046,8024004,8102437,8187456,8255861,8315430,8367303,8417651,8471011,8510920,8556642,8590563,22958,78433,85019,68405,59569,51873,50348,53360,39909,45722,33921,0.2869374829,0.9774795725,1.0493015867,0.835485406,0.7215358883,0.6238162067,0.6017231598,0.6339060624,0.471124403,0.5372157182,0.3964288795,12,12,12,12,12,12,12,12,12,12,12,12,6,8,6,8,10,11,14,13,13,12,13,8,11,13,20,22,21,21,19,20,19,20
040,4,9,53,Washington,6724540,6743009,6827479,6898599,6966252,7057531,7167287,7299961,7427951,7526793,7614024,7693612,18469,84470,71120,67653,91279,109756,132674,127990,98842,87231,79588,0.2746507568,1.2527048384,1.041672922,0.980677381,1.3103028716,1.5551614297,1.8511048881,1.7532970382,1.3306765217,1.1589398034,1.0452817065,13,13,13,13,13,13,13,13,13,13,13,13,9,6,10,9,6,5,4,4,7,6,6,10,6,14,14,9,7,5,4,6,7,8
040,3,5,54,West Virginia,1853008,1854265,1856606,1857446,1854768,1850569,1843332,1832435,1818683,1805953,1795263,1784787,1257,2341,840,-2678,-4199,-7237,-10897,-13752,-12730,-10690,-10476,0.0678356488,0.1262494843,0.0452438482,-0.144176466,-0.2263895,-0.391068909,-0.591157751,-0.750476825,-0.699957057,-0.591931241,-0.583535671,37,37,37,37,38,38,38,38,38,38,38,39,45,48,49,51,50,50,49,49,49,49,44,43,47,49,51,51,51,51,50,51,51,48
040,2,3,55,Wisconsin,5687285,5690538,5705840,5720825,5738012,5753199,5762927,5775170,5793147,5809319,5824581,5832655,3253,15302,14985,17187,15187,9728,12243,17977,16172,15262,8074,0.0571977666,0.2689025185,0.2626256607,0.3004286969,0.264673549,0.1690885367,0.2124441278,0.31128088,0.2791574251,0.2627158192,0.1386194131,20,20,20,20,20,20,20,20,20,20,20,20,36,29,32,25,28,31,26,23,19,20,23,46,42,39,34,33,38,36,30,27,30,31
040,4,8,56,Wyoming,563775,564531,567491,576656,582620,583159,586389,585243,579994,579054,580116,582328,756,2960,9165,5964,539,3230,-1146,-5249,-940,1062,2212,0.134096049,0.5243290448,1.615003586,1.0342387836,0.0925131303,0.5538798167,-0.195433407,-0.896892402,-0.162070642,0.1834025842,0.3813030497,51,51,51,51,51,51,51,51,51,51,51,51,47,47,39,43,45,38,45,47,44,36,32,32,30,4,10,43,24,47,51,44,33,21
040,X,X,72,Puerto Rico,3726157,3721525,3678732,3634488,3593077,3534874,3473232,3406672,3325284,3193344,3193553,3159343,-4632,-42793,-44244,-41411,-58203,-61642,-66560,-81388,-131940,209,-34210,-0.124310382,-1.149878074,-1.202697016,-1.139390197,-1.619865091,-1.743824532,-1.916370689,-2.389076495,-3.967781399,0.0065448633,-1.071220675,X,X,X,X,X,X,X,X,X,X,X,X,X,X,X,X,X,X,X,X,X,X,X,X,X,X,X,X,X,X,X,X,X,X
